date,date_key,month_key,year_month,year,month_num,month_name,fiscal_year,fiscal_year_label,fiscal_month_num,fiscal_quarter,weekday_name,is_weekend
2024-07-01,20240701,202407,2024-07,2024,7,Jul,2025,FY2025,1,Q1,Monday,0
2024-07-02,20240702,202407,2024-07,2024,7,Jul,2025,FY2025,1,Q1,Tuesday,0
2024-07-03,20240703,202407,2024-07,2024,7,Jul,2025,FY2025,1,Q1,Wednesday,0
2024-07-04,20240704,202407,2024-07,2024,7,Jul,2025,FY2025,1,Q1,Thursday,0
2024-07-05,20240705,202407,2024-07,2024,7,Jul,2025,FY2025,1,Q1,Friday,1
2024-07-06,20240706,202407,2024-07,2024,7,Jul,2025,FY2025,1,Q1,Saturday,1
2024-07-07,20240707,202407,2024-07,2024,7,Jul,2025,FY2025,1,Q1,Sunday,0
2024-07-08,20240708,202407,2024-07,2024,7,Jul,2025,FY2025,1,Q1,Monday,0
2024-07-09,20240709,202407,2024-07,2024,7,Jul,2025,FY2025,1,Q1,Tuesday,0
2024-07-10,20240710,202407,2024-07,2024,7,Jul,2025,FY2025,1,Q1,Wednesday,0
2024-07-11,20240711,202407,2024-07,2024,7,Jul,2025,FY2025,1,Q1,Thursday,0
2024-07-12,20240712,202407,2024-07,2024,7,Jul,2025,FY2025,1,Q1,Friday,1
2024-07-13,20240713,202407,2024-07,2024,7,Jul,2025,FY2025,1,Q1,Saturday,1
2024-07-14,20240714,202407,2024-07,2024,7,Jul,2025,FY2025,1,Q1,Sunday,0
2024-07-15,20240715,202407,2024-07,2024,7,Jul,2025,FY2025,1,Q1,Monday,0
2024-07-16,20240716,202407,2024-07,2024,7,Jul,2025,FY2025,1,Q1,Tuesday,0
2024-07-17,20240717,202407,2024-07,2024,7,Jul,2025,FY2025,1,Q1,Wednesday,0
2024-07-18,20240718,202407,2024-07,2024,7,Jul,2025,FY2025,1,Q1,Thursday,0
2024-07-19,20240719,202407,2024-07,2024,7,Jul,2025,FY2025,1,Q1,Friday,1
2024-07-20,20240720,202407,2024-07,2024,7,Jul,2025,FY2025,1,Q1,Saturday,1
2024-07-21,20240721,202407,2024-07,2024,7,Jul,2025,FY2025,1,Q1,Sunday,0
2024-07-22,20240722,202407,2024-07,2024,7,Jul,2025,FY2025,1,Q1,Monday,0
2024-07-23,20240723,202407,2024-07,2024,7,Jul,2025,FY2025,1,Q1,Tuesday,0
2024-07-24,20240724,202407,2024-07,2024,7,Jul,2025,FY2025,1,Q1,Wednesday,0
2024-07-25,20240725,202407,2024-07,2024,7,Jul,2025,FY2025,1,Q1,Thursday,0
2024-07-26,20240726,202407,2024-07,2024,7,Jul,2025,FY2025,1,Q1,Friday,1
2024-07-27,20240727,202407,2024-07,2024,7,Jul,2025,FY2025,1,Q1,Saturday,1
2024-07-28,20240728,202407,2024-07,2024,7,Jul,2025,FY2025,1,Q1,Sunday,0
2024-07-29,20240729,202407,2024-07,2024,7,Jul,2025,FY2025,1,Q1,Monday,0
2024-07-30,20240730,202407,2024-07,2024,7,Jul,2025,FY2025,1,Q1,Tuesday,0
2024-07-31,20240731,202407,2024-07,2024,7,Jul,2025,FY2025,1,Q1,Wednesday,0
2024-08-01,20240801,202408,2024-08,2024,8,Aug,2025,FY2025,2,Q1,Thursday,0
2024-08-02,20240802,202408,2024-08,2024,8,Aug,2025,FY2025,2,Q1,Friday,1
2024-08-03,20240803,202408,2024-08,2024,8,Aug,2025,FY2025,2,Q1,Saturday,1
2024-08-04,20240804,202408,2024-08,2024,8,Aug,2025,FY2025,2,Q1,Sunday,0
2024-08-05,20240805,202408,2024-08,2024,8,Aug,2025,FY2025,2,Q1,Monday,0
2024-08-06,20240806,202408,2024-08,2024,8,Aug,2025,FY2025,2,Q1,Tuesday,0
2024-08-07,20240807,202408,2024-08,2024,8,Aug,2025,FY2025,2,Q1,Wednesday,0
2024-08-08,20240808,202408,2024-08,2024,8,Aug,2025,FY2025,2,Q1,Thursday,0
2024-08-09,20240809,202408,2024-08,2024,8,Aug,2025,FY2025,2,Q1,Friday,1
2024-08-10,20240810,202408,2024-08,2024,8,Aug,2025,FY2025,2,Q1,Saturday,1
2024-08-11,20240811,202408,2024-08,2024,8,Aug,2025,FY2025,2,Q1,Sunday,0
2024-08-12,20240812,202408,2024-08,2024,8,Aug,2025,FY2025,2,Q1,Monday,0
2024-08-13,20240813,202408,2024-08,2024,8,Aug,2025,FY2025,2,Q1,Tuesday,0
2024-08-14,20240814,202408,2024-08,2024,8,Aug,2025,FY2025,2,Q1,Wednesday,0
2024-08-15,20240815,202408,2024-08,2024,8,Aug,2025,FY2025,2,Q1,Thursday,0
2024-08-16,20240816,202408,2024-08,2024,8,Aug,2025,FY2025,2,Q1,Friday,1
2024-08-17,20240817,202408,2024-08,2024,8,Aug,2025,FY2025,2,Q1,Saturday,1
2024-08-18,20240818,202408,2024-08,2024,8,Aug,2025,FY2025,2,Q1,Sunday,0
2024-08-19,20240819,202408,2024-08,2024,8,Aug,2025,FY2025,2,Q1,Monday,0
2024-08-20,20240820,202408,2024-08,2024,8,Aug,2025,FY2025,2,Q1,Tuesday,0
2024-08-21,20240821,202408,2024-08,2024,8,Aug,2025,FY2025,2,Q1,Wednesday,0
2024-08-22,20240822,202408,2024-08,2024,8,Aug,2025,FY2025,2,Q1,Thursday,0
2024-08-23,20240823,202408,2024-08,2024,8,Aug,2025,FY2025,2,Q1,Friday,1
2024-08-24,20240824,202408,2024-08,2024,8,Aug,2025,FY2025,2,Q1,Saturday,1
2024-08-25,20240825,202408,2024-08,2024,8,Aug,2025,FY2025,2,Q1,Sunday,0
2024-08-26,20240826,202408,2024-08,2024,8,Aug,2025,FY2025,2,Q1,Monday,0
2024-08-27,20240827,202408,2024-08,2024,8,Aug,2025,FY2025,2,Q1,Tuesday,0
2024-08-28,20240828,202408,2024-08,2024,8,Aug,2025,FY2025,2,Q1,Wednesday,0
2024-08-29,20240829,202408,2024-08,2024,8,Aug,2025,FY2025,2,Q1,Thursday,0
2024-08-30,20240830,202408,2024-08,2024,8,Aug,2025,FY2025,2,Q1,Friday,1
2024-08-31,20240831,202408,2024-08,2024,8,Aug,2025,FY2025,2,Q1,Saturday,1
2024-09-01,20240901,202409,2024-09,2024,9,Sep,2025,FY2025,3,Q1,Sunday,0
2024-09-02,20240902,202409,2024-09,2024,9,Sep,2025,FY2025,3,Q1,Monday,0
2024-09-03,20240903,202409,2024-09,2024,9,Sep,2025,FY2025,3,Q1,Tuesday,0
2024-09-04,20240904,202409,2024-09,2024,9,Sep,2025,FY2025,3,Q1,Wednesday,0
2024-09-05,20240905,202409,2024-09,2024,9,Sep,2025,FY2025,3,Q1,Thursday,0
2024-09-06,20240906,202409,2024-09,2024,9,Sep,2025,FY2025,3,Q1,Friday,1
2024-09-07,20240907,202409,2024-09,2024,9,Sep,2025,FY2025,3,Q1,Saturday,1
2024-09-08,20240908,202409,2024-09,2024,9,Sep,2025,FY2025,3,Q1,Sunday,0
2024-09-09,20240909,202409,2024-09,2024,9,Sep,2025,FY2025,3,Q1,Monday,0
2024-09-10,20240910,202409,2024-09,2024,9,Sep,2025,FY2025,3,Q1,Tuesday,0
2024-09-11,20240911,202409,2024-09,2024,9,Sep,2025,FY2025,3,Q1,Wednesday,0
2024-09-12,20240912,202409,2024-09,2024,9,Sep,2025,FY2025,3,Q1,Thursday,0
2024-09-13,20240913,202409,2024-09,2024,9,Sep,2025,FY2025,3,Q1,Friday,1
2024-09-14,20240914,202409,2024-09,2024,9,Sep,2025,FY2025,3,Q1,Saturday,1
2024-09-15,20240915,202409,2024-09,2024,9,Sep,2025,FY2025,3,Q1,Sunday,0
2024-09-16,20240916,202409,2024-09,2024,9,Sep,2025,FY2025,3,Q1,Monday,0
2024-09-17,20240917,202409,2024-09,2024,9,Sep,2025,FY2025,3,Q1,Tuesday,0
2024-09-18,20240918,202409,2024-09,2024,9,Sep,2025,FY2025,3,Q1,Wednesday,0
2024-09-19,20240919,202409,2024-09,2024,9,Sep,2025,FY2025,3,Q1,Thursday,0
2024-09-20,20240920,202409,2024-09,2024,9,Sep,2025,FY2025,3,Q1,Friday,1
2024-09-21,20240921,202409,2024-09,2024,9,Sep,2025,FY2025,3,Q1,Saturday,1
2024-09-22,20240922,202409,2024-09,2024,9,Sep,2025,FY2025,3,Q1,Sunday,0
2024-09-23,20240923,202409,2024-09,2024,9,Sep,2025,FY2025,3,Q1,Monday,0
2024-09-24,20240924,202409,2024-09,2024,9,Sep,2025,FY2025,3,Q1,Tuesday,0
2024-09-25,20240925,202409,2024-09,2024,9,Sep,2025,FY2025,3,Q1,Wednesday,0
2024-09-26,20240926,202409,2024-09,2024,9,Sep,2025,FY2025,3,Q1,Thursday,0
2024-09-27,20240927,202409,2024-09,2024,9,Sep,2025,FY2025,3,Q1,Friday,1
2024-09-28,20240928,202409,2024-09,2024,9,Sep,2025,FY2025,3,Q1,Saturday,1
2024-09-29,20240929,202409,2024-09,2024,9,Sep,2025,FY2025,3,Q1,Sunday,0
2024-09-30,20240930,202409,2024-09,2024,9,Sep,2025,FY2025,3,Q1,Monday,0
2024-10-01,20241001,202410,2024-10,2024,10,Oct,2025,FY2025,4,Q2,Tuesday,0
2024-10-02,20241002,202410,2024-10,2024,10,Oct,2025,FY2025,4,Q2,Wednesday,0
2024-10-03,20241003,202410,2024-10,2024,10,Oct,2025,FY2025,4,Q2,Thursday,0
2024-10-04,20241004,202410,2024-10,2024,10,Oct,2025,FY2025,4,Q2,Friday,1
2024-10-05,20241005,202410,2024-10,2024,10,Oct,2025,FY2025,4,Q2,Saturday,1
2024-10-06,20241006,202410,2024-10,2024,10,Oct,2025,FY2025,4,Q2,Sunday,0
2024-10-07,20241007,202410,2024-10,2024,10,Oct,2025,FY2025,4,Q2,Monday,0
2024-10-08,20241008,202410,2024-10,2024,10,Oct,2025,FY2025,4,Q2,Tuesday,0
2024-10-09,20241009,202410,2024-10,2024,10,Oct,2025,FY2025,4,Q2,Wednesday,0
2024-10-10,20241010,202410,2024-10,2024,10,Oct,2025,FY2025,4,Q2,Thursday,0
2024-10-11,20241011,202410,2024-10,2024,10,Oct,2025,FY2025,4,Q2,Friday,1
2024-10-12,20241012,202410,2024-10,2024,10,Oct,2025,FY2025,4,Q2,Saturday,1
2024-10-13,20241013,202410,2024-10,2024,10,Oct,2025,FY2025,4,Q2,Sunday,0
2024-10-14,20241014,202410,2024-10,2024,10,Oct,2025,FY2025,4,Q2,Monday,0
2024-10-15,20241015,202410,2024-10,2024,10,Oct,2025,FY2025,4,Q2,Tuesday,0
2024-10-16,20241016,202410,2024-10,2024,10,Oct,2025,FY2025,4,Q2,Wednesday,0
2024-10-17,20241017,202410,2024-10,2024,10,Oct,2025,FY2025,4,Q2,Thursday,0
2024-10-18,20241018,202410,2024-10,2024,10,Oct,2025,FY2025,4,Q2,Friday,1
2024-10-19,20241019,202410,2024-10,2024,10,Oct,2025,FY2025,4,Q2,Saturday,1
2024-10-20,20241020,202410,2024-10,2024,10,Oct,2025,FY2025,4,Q2,Sunday,0
2024-10-21,20241021,202410,2024-10,2024,10,Oct,2025,FY2025,4,Q2,Monday,0
2024-10-22,20241022,202410,2024-10,2024,10,Oct,2025,FY2025,4,Q2,Tuesday,0
2024-10-23,20241023,202410,2024-10,2024,10,Oct,2025,FY2025,4,Q2,Wednesday,0
2024-10-24,20241024,202410,2024-10,2024,10,Oct,2025,FY2025,4,Q2,Thursday,0
2024-10-25,20241025,202410,2024-10,2024,10,Oct,2025,FY2025,4,Q2,Friday,1
2024-10-26,20241026,202410,2024-10,2024,10,Oct,2025,FY2025,4,Q2,Saturday,1
2024-10-27,20241027,202410,2024-10,2024,10,Oct,2025,FY2025,4,Q2,Sunday,0
2024-10-28,20241028,202410,2024-10,2024,10,Oct,2025,FY2025,4,Q2,Monday,0
2024-10-29,20241029,202410,2024-10,2024,10,Oct,2025,FY2025,4,Q2,Tuesday,0
2024-10-30,20241030,202410,2024-10,2024,10,Oct,2025,FY2025,4,Q2,Wednesday,0
2024-10-31,20241031,202410,2024-10,2024,10,Oct,2025,FY2025,4,Q2,Thursday,0
2024-11-01,20241101,202411,2024-11,2024,11,Nov,2025,FY2025,5,Q2,Friday,1
2024-11-02,20241102,202411,2024-11,2024,11,Nov,2025,FY2025,5,Q2,Saturday,1
2024-11-03,20241103,202411,2024-11,2024,11,Nov,2025,FY2025,5,Q2,Sunday,0
2024-11-04,20241104,202411,2024-11,2024,11,Nov,2025,FY2025,5,Q2,Monday,0
2024-11-05,20241105,202411,2024-11,2024,11,Nov,2025,FY2025,5,Q2,Tuesday,0
2024-11-06,20241106,202411,2024-11,2024,11,Nov,2025,FY2025,5,Q2,Wednesday,0
2024-11-07,20241107,202411,2024-11,2024,11,Nov,2025,FY2025,5,Q2,Thursday,0
2024-11-08,20241108,202411,2024-11,2024,11,Nov,2025,FY2025,5,Q2,Friday,1
2024-11-09,20241109,202411,2024-11,2024,11,Nov,2025,FY2025,5,Q2,Saturday,1
2024-11-10,20241110,202411,2024-11,2024,11,Nov,2025,FY2025,5,Q2,Sunday,0
2024-11-11,20241111,202411,2024-11,2024,11,Nov,2025,FY2025,5,Q2,Monday,0
2024-11-12,20241112,202411,2024-11,2024,11,Nov,2025,FY2025,5,Q2,Tuesday,0
2024-11-13,20241113,202411,2024-11,2024,11,Nov,2025,FY2025,5,Q2,Wednesday,0
2024-11-14,20241114,202411,2024-11,2024,11,Nov,2025,FY2025,5,Q2,Thursday,0
2024-11-15,20241115,202411,2024-11,2024,11,Nov,2025,FY2025,5,Q2,Friday,1
2024-11-16,20241116,202411,2024-11,2024,11,Nov,2025,FY2025,5,Q2,Saturday,1
2024-11-17,20241117,202411,2024-11,2024,11,Nov,2025,FY2025,5,Q2,Sunday,0
2024-11-18,20241118,202411,2024-11,2024,11,Nov,2025,FY2025,5,Q2,Monday,0
2024-11-19,20241119,202411,2024-11,2024,11,Nov,2025,FY2025,5,Q2,Tuesday,0
2024-11-20,20241120,202411,2024-11,2024,11,Nov,2025,FY2025,5,Q2,Wednesday,0
2024-11-21,20241121,202411,2024-11,2024,11,Nov,2025,FY2025,5,Q2,Thursday,0
2024-11-22,20241122,202411,2024-11,2024,11,Nov,2025,FY2025,5,Q2,Friday,1
2024-11-23,20241123,202411,2024-11,2024,11,Nov,2025,FY2025,5,Q2,Saturday,1
2024-11-24,20241124,202411,2024-11,2024,11,Nov,2025,FY2025,5,Q2,Sunday,0
2024-11-25,20241125,202411,2024-11,2024,11,Nov,2025,FY2025,5,Q2,Monday,0
2024-11-26,20241126,202411,2024-11,2024,11,Nov,2025,FY2025,5,Q2,Tuesday,0
2024-11-27,20241127,202411,2024-11,2024,11,Nov,2025,FY2025,5,Q2,Wednesday,0
2024-11-28,20241128,202411,2024-11,2024,11,Nov,2025,FY2025,5,Q2,Thursday,0
2024-11-29,20241129,202411,2024-11,2024,11,Nov,2025,FY2025,5,Q2,Friday,1
2024-11-30,20241130,202411,2024-11,2024,11,Nov,2025,FY2025,5,Q2,Saturday,1
2024-12-01,20241201,202412,2024-12,2024,12,Dec,2025,FY2025,6,Q2,Sunday,0
2024-12-02,20241202,202412,2024-12,2024,12,Dec,2025,FY2025,6,Q2,Monday,0
2024-12-03,20241203,202412,2024-12,2024,12,Dec,2025,FY2025,6,Q2,Tuesday,0
2024-12-04,20241204,202412,2024-12,2024,12,Dec,2025,FY2025,6,Q2,Wednesday,0
2024-12-05,20241205,202412,2024-12,2024,12,Dec,2025,FY2025,6,Q2,Thursday,0
2024-12-06,20241206,202412,2024-12,2024,12,Dec,2025,FY2025,6,Q2,Friday,1
2024-12-07,20241207,202412,2024-12,2024,12,Dec,2025,FY2025,6,Q2,Saturday,1
2024-12-08,20241208,202412,2024-12,2024,12,Dec,2025,FY2025,6,Q2,Sunday,0
2024-12-09,20241209,202412,2024-12,2024,12,Dec,2025,FY2025,6,Q2,Monday,0
2024-12-10,20241210,202412,2024-12,2024,12,Dec,2025,FY2025,6,Q2,Tuesday,0
2024-12-11,20241211,202412,2024-12,2024,12,Dec,2025,FY2025,6,Q2,Wednesday,0
2024-12-12,20241212,202412,2024-12,2024,12,Dec,2025,FY2025,6,Q2,Thursday,0
2024-12-13,20241213,202412,2024-12,2024,12,Dec,2025,FY2025,6,Q2,Friday,1
2024-12-14,20241214,202412,2024-12,2024,12,Dec,2025,FY2025,6,Q2,Saturday,1
2024-12-15,20241215,202412,2024-12,2024,12,Dec,2025,FY2025,6,Q2,Sunday,0
2024-12-16,20241216,202412,2024-12,2024,12,Dec,2025,FY2025,6,Q2,Monday,0
2024-12-17,20241217,202412,2024-12,2024,12,Dec,2025,FY2025,6,Q2,Tuesday,0
2024-12-18,20241218,202412,2024-12,2024,12,Dec,2025,FY2025,6,Q2,Wednesday,0
2024-12-19,20241219,202412,2024-12,2024,12,Dec,2025,FY2025,6,Q2,Thursday,0
2024-12-20,20241220,202412,2024-12,2024,12,Dec,2025,FY2025,6,Q2,Friday,1
2024-12-21,20241221,202412,2024-12,2024,12,Dec,2025,FY2025,6,Q2,Saturday,1
2024-12-22,20241222,202412,2024-12,2024,12,Dec,2025,FY2025,6,Q2,Sunday,0
2024-12-23,20241223,202412,2024-12,2024,12,Dec,2025,FY2025,6,Q2,Monday,0
2024-12-24,20241224,202412,2024-12,2024,12,Dec,2025,FY2025,6,Q2,Tuesday,0
2024-12-25,20241225,202412,2024-12,2024,12,Dec,2025,FY2025,6,Q2,Wednesday,0
2024-12-26,20241226,202412,2024-12,2024,12,Dec,2025,FY2025,6,Q2,Thursday,0
2024-12-27,20241227,202412,2024-12,2024,12,Dec,2025,FY2025,6,Q2,Friday,1
2024-12-28,20241228,202412,2024-12,2024,12,Dec,2025,FY2025,6,Q2,Saturday,1
2024-12-29,20241229,202412,2024-12,2024,12,Dec,2025,FY2025,6,Q2,Sunday,0
2024-12-30,20241230,202412,2024-12,2024,12,Dec,2025,FY2025,6,Q2,Monday,0
2024-12-31,20241231,202412,2024-12,2024,12,Dec,2025,FY2025,6,Q2,Tuesday,0
2025-01-01,20250101,202501,2025-01,2025,1,Jan,2025,FY2025,7,Q3,Wednesday,0
2025-01-02,20250102,202501,2025-01,2025,1,Jan,2025,FY2025,7,Q3,Thursday,0
2025-01-03,20250103,202501,2025-01,2025,1,Jan,2025,FY2025,7,Q3,Friday,1
2025-01-04,20250104,202501,2025-01,2025,1,Jan,2025,FY2025,7,Q3,Saturday,1
2025-01-05,20250105,202501,2025-01,2025,1,Jan,2025,FY2025,7,Q3,Sunday,0
2025-01-06,20250106,202501,2025-01,2025,1,Jan,2025,FY2025,7,Q3,Monday,0
2025-01-07,20250107,202501,2025-01,2025,1,Jan,2025,FY2025,7,Q3,Tuesday,0
2025-01-08,20250108,202501,2025-01,2025,1,Jan,2025,FY2025,7,Q3,Wednesday,0
2025-01-09,20250109,202501,2025-01,2025,1,Jan,2025,FY2025,7,Q3,Thursday,0
2025-01-10,20250110,202501,2025-01,2025,1,Jan,2025,FY2025,7,Q3,Friday,1
2025-01-11,20250111,202501,2025-01,2025,1,Jan,2025,FY2025,7,Q3,Saturday,1
2025-01-12,20250112,202501,2025-01,2025,1,Jan,2025,FY2025,7,Q3,Sunday,0
2025-01-13,20250113,202501,2025-01,2025,1,Jan,2025,FY2025,7,Q3,Monday,0
2025-01-14,20250114,202501,2025-01,2025,1,Jan,2025,FY2025,7,Q3,Tuesday,0
2025-01-15,20250115,202501,2025-01,2025,1,Jan,2025,FY2025,7,Q3,Wednesday,0
2025-01-16,20250116,202501,2025-01,2025,1,Jan,2025,FY2025,7,Q3,Thursday,0
2025-01-17,20250117,202501,2025-01,2025,1,Jan,2025,FY2025,7,Q3,Friday,1
2025-01-18,20250118,202501,2025-01,2025,1,Jan,2025,FY2025,7,Q3,Saturday,1
2025-01-19,20250119,202501,2025-01,2025,1,Jan,2025,FY2025,7,Q3,Sunday,0
2025-01-20,20250120,202501,2025-01,2025,1,Jan,2025,FY2025,7,Q3,Monday,0
2025-01-21,20250121,202501,2025-01,2025,1,Jan,2025,FY2025,7,Q3,Tuesday,0
2025-01-22,20250122,202501,2025-01,2025,1,Jan,2025,FY2025,7,Q3,Wednesday,0
2025-01-23,20250123,202501,2025-01,2025,1,Jan,2025,FY2025,7,Q3,Thursday,0
2025-01-24,20250124,202501,2025-01,2025,1,Jan,2025,FY2025,7,Q3,Friday,1
2025-01-25,20250125,202501,2025-01,2025,1,Jan,2025,FY2025,7,Q3,Saturday,1
2025-01-26,20250126,202501,2025-01,2025,1,Jan,2025,FY2025,7,Q3,Sunday,0
2025-01-27,20250127,202501,2025-01,2025,1,Jan,2025,FY2025,7,Q3,Monday,0
2025-01-28,20250128,202501,2025-01,2025,1,Jan,2025,FY2025,7,Q3,Tuesday,0
2025-01-29,20250129,202501,2025-01,2025,1,Jan,2025,FY2025,7,Q3,Wednesday,0
2025-01-30,20250130,202501,2025-01,2025,1,Jan,2025,FY2025,7,Q3,Thursday,0
2025-01-31,20250131,202501,2025-01,2025,1,Jan,2025,FY2025,7,Q3,Friday,1
2025-02-01,20250201,202502,2025-02,2025,2,Feb,2025,FY2025,8,Q3,Saturday,1
2025-02-02,20250202,202502,2025-02,2025,2,Feb,2025,FY2025,8,Q3,Sunday,0
2025-02-03,20250203,202502,2025-02,2025,2,Feb,2025,FY2025,8,Q3,Monday,0
2025-02-04,20250204,202502,2025-02,2025,2,Feb,2025,FY2025,8,Q3,Tuesday,0
2025-02-05,20250205,202502,2025-02,2025,2,Feb,2025,FY2025,8,Q3,Wednesday,0
2025-02-06,20250206,202502,2025-02,2025,2,Feb,2025,FY2025,8,Q3,Thursday,0
2025-02-07,20250207,202502,2025-02,2025,2,Feb,2025,FY2025,8,Q3,Friday,1
2025-02-08,20250208,202502,2025-02,2025,2,Feb,2025,FY2025,8,Q3,Saturday,1
2025-02-09,20250209,202502,2025-02,2025,2,Feb,2025,FY2025,8,Q3,Sunday,0
2025-02-10,20250210,202502,2025-02,2025,2,Feb,2025,FY2025,8,Q3,Monday,0
2025-02-11,20250211,202502,2025-02,2025,2,Feb,2025,FY2025,8,Q3,Tuesday,0
2025-02-12,20250212,202502,2025-02,2025,2,Feb,2025,FY2025,8,Q3,Wednesday,0
2025-02-13,20250213,202502,2025-02,2025,2,Feb,2025,FY2025,8,Q3,Thursday,0
2025-02-14,20250214,202502,2025-02,2025,2,Feb,2025,FY2025,8,Q3,Friday,1
2025-02-15,20250215,202502,2025-02,2025,2,Feb,2025,FY2025,8,Q3,Saturday,1
2025-02-16,20250216,202502,2025-02,2025,2,Feb,2025,FY2025,8,Q3,Sunday,0
2025-02-17,20250217,202502,2025-02,2025,2,Feb,2025,FY2025,8,Q3,Monday,0
2025-02-18,20250218,202502,2025-02,2025,2,Feb,2025,FY2025,8,Q3,Tuesday,0
2025-02-19,20250219,202502,2025-02,2025,2,Feb,2025,FY2025,8,Q3,Wednesday,0
2025-02-20,20250220,202502,2025-02,2025,2,Feb,2025,FY2025,8,Q3,Thursday,0
2025-02-21,20250221,202502,2025-02,2025,2,Feb,2025,FY2025,8,Q3,Friday,1
2025-02-22,20250222,202502,2025-02,2025,2,Feb,2025,FY2025,8,Q3,Saturday,1
2025-02-23,20250223,202502,2025-02,2025,2,Feb,2025,FY2025,8,Q3,Sunday,0
2025-02-24,20250224,202502,2025-02,2025,2,Feb,2025,FY2025,8,Q3,Monday,0
2025-02-25,20250225,202502,2025-02,2025,2,Feb,2025,FY2025,8,Q3,Tuesday,0
2025-02-26,20250226,202502,2025-02,2025,2,Feb,2025,FY2025,8,Q3,Wednesday,0
2025-02-27,20250227,202502,2025-02,2025,2,Feb,2025,FY2025,8,Q3,Thursday,0
2025-02-28,20250228,202502,2025-02,2025,2,Feb,2025,FY2025,8,Q3,Friday,1
2025-03-01,20250301,202503,2025-03,2025,3,Mar,2025,FY2025,9,Q3,Saturday,1
2025-03-02,20250302,202503,2025-03,2025,3,Mar,2025,FY2025,9,Q3,Sunday,0
2025-03-03,20250303,202503,2025-03,2025,3,Mar,2025,FY2025,9,Q3,Monday,0
2025-03-04,20250304,202503,2025-03,2025,3,Mar,2025,FY2025,9,Q3,Tuesday,0
2025-03-05,20250305,202503,2025-03,2025,3,Mar,2025,FY2025,9,Q3,Wednesday,0
2025-03-06,20250306,202503,2025-03,2025,3,Mar,2025,FY2025,9,Q3,Thursday,0
2025-03-07,20250307,202503,2025-03,2025,3,Mar,2025,FY2025,9,Q3,Friday,1
2025-03-08,20250308,202503,2025-03,2025,3,Mar,2025,FY2025,9,Q3,Saturday,1
2025-03-09,20250309,202503,2025-03,2025,3,Mar,2025,FY2025,9,Q3,Sunday,0
2025-03-10,20250310,202503,2025-03,2025,3,Mar,2025,FY2025,9,Q3,Monday,0
2025-03-11,20250311,202503,2025-03,2025,3,Mar,2025,FY2025,9,Q3,Tuesday,0
2025-03-12,20250312,202503,2025-03,2025,3,Mar,2025,FY2025,9,Q3,Wednesday,0
2025-03-13,20250313,202503,2025-03,2025,3,Mar,2025,FY2025,9,Q3,Thursday,0
2025-03-14,20250314,202503,2025-03,2025,3,Mar,2025,FY2025,9,Q3,Friday,1
2025-03-15,20250315,202503,2025-03,2025,3,Mar,2025,FY2025,9,Q3,Saturday,1
2025-03-16,20250316,202503,2025-03,2025,3,Mar,2025,FY2025,9,Q3,Sunday,0
2025-03-17,20250317,202503,2025-03,2025,3,Mar,2025,FY2025,9,Q3,Monday,0
2025-03-18,20250318,202503,2025-03,2025,3,Mar,2025,FY2025,9,Q3,Tuesday,0
2025-03-19,20250319,202503,2025-03,2025,3,Mar,2025,FY2025,9,Q3,Wednesday,0
2025-03-20,20250320,202503,2025-03,2025,3,Mar,2025,FY2025,9,Q3,Thursday,0
2025-03-21,20250321,202503,2025-03,2025,3,Mar,2025,FY2025,9,Q3,Friday,1
2025-03-22,20250322,202503,2025-03,2025,3,Mar,2025,FY2025,9,Q3,Saturday,1
2025-03-23,20250323,202503,2025-03,2025,3,Mar,2025,FY2025,9,Q3,Sunday,0
2025-03-24,20250324,202503,2025-03,2025,3,Mar,2025,FY2025,9,Q3,Monday,0
2025-03-25,20250325,202503,2025-03,2025,3,Mar,2025,FY2025,9,Q3,Tuesday,0
2025-03-26,20250326,202503,2025-03,2025,3,Mar,2025,FY2025,9,Q3,Wednesday,0
2025-03-27,20250327,202503,2025-03,2025,3,Mar,2025,FY2025,9,Q3,Thursday,0
2025-03-28,20250328,202503,2025-03,2025,3,Mar,2025,FY2025,9,Q3,Friday,1
2025-03-29,20250329,202503,2025-03,2025,3,Mar,2025,FY2025,9,Q3,Saturday,1
2025-03-30,20250330,202503,2025-03,2025,3,Mar,2025,FY2025,9,Q3,Sunday,0
2025-03-31,20250331,202503,2025-03,2025,3,Mar,2025,FY2025,9,Q3,Monday,0
2025-04-01,20250401,202504,2025-04,2025,4,Apr,2025,FY2025,10,Q4,Tuesday,0
2025-04-02,20250402,202504,2025-04,2025,4,Apr,2025,FY2025,10,Q4,Wednesday,0
2025-04-03,20250403,202504,2025-04,2025,4,Apr,2025,FY2025,10,Q4,Thursday,0
2025-04-04,20250404,202504,2025-04,2025,4,Apr,2025,FY2025,10,Q4,Friday,1
2025-04-05,20250405,202504,2025-04,2025,4,Apr,2025,FY2025,10,Q4,Saturday,1
2025-04-06,20250406,202504,2025-04,2025,4,Apr,2025,FY2025,10,Q4,Sunday,0
2025-04-07,20250407,202504,2025-04,2025,4,Apr,2025,FY2025,10,Q4,Monday,0
2025-04-08,20250408,202504,2025-04,2025,4,Apr,2025,FY2025,10,Q4,Tuesday,0
2025-04-09,20250409,202504,2025-04,2025,4,Apr,2025,FY2025,10,Q4,Wednesday,0
2025-04-10,20250410,202504,2025-04,2025,4,Apr,2025,FY2025,10,Q4,Thursday,0
2025-04-11,20250411,202504,2025-04,2025,4,Apr,2025,FY2025,10,Q4,Friday,1
2025-04-12,20250412,202504,2025-04,2025,4,Apr,2025,FY2025,10,Q4,Saturday,1
2025-04-13,20250413,202504,2025-04,2025,4,Apr,2025,FY2025,10,Q4,Sunday,0
2025-04-14,20250414,202504,2025-04,2025,4,Apr,2025,FY2025,10,Q4,Monday,0
2025-04-15,20250415,202504,2025-04,2025,4,Apr,2025,FY2025,10,Q4,Tuesday,0
2025-04-16,20250416,202504,2025-04,2025,4,Apr,2025,FY2025,10,Q4,Wednesday,0
2025-04-17,20250417,202504,2025-04,2025,4,Apr,2025,FY2025,10,Q4,Thursday,0
2025-04-18,20250418,202504,2025-04,2025,4,Apr,2025,FY2025,10,Q4,Friday,1
2025-04-19,20250419,202504,2025-04,2025,4,Apr,2025,FY2025,10,Q4,Saturday,1
2025-04-20,20250420,202504,2025-04,2025,4,Apr,2025,FY2025,10,Q4,Sunday,0
2025-04-21,20250421,202504,2025-04,2025,4,Apr,2025,FY2025,10,Q4,Monday,0
2025-04-22,20250422,202504,2025-04,2025,4,Apr,2025,FY2025,10,Q4,Tuesday,0
2025-04-23,20250423,202504,2025-04,2025,4,Apr,2025,FY2025,10,Q4,Wednesday,0
2025-04-24,20250424,202504,2025-04,2025,4,Apr,2025,FY2025,10,Q4,Thursday,0
2025-04-25,20250425,202504,2025-04,2025,4,Apr,2025,FY2025,10,Q4,Friday,1
2025-04-26,20250426,202504,2025-04,2025,4,Apr,2025,FY2025,10,Q4,Saturday,1
2025-04-27,20250427,202504,2025-04,2025,4,Apr,2025,FY2025,10,Q4,Sunday,0
2025-04-28,20250428,202504,2025-04,2025,4,Apr,2025,FY2025,10,Q4,Monday,0
2025-04-29,20250429,202504,2025-04,2025,4,Apr,2025,FY2025,10,Q4,Tuesday,0
2025-04-30,20250430,202504,2025-04,2025,4,Apr,2025,FY2025,10,Q4,Wednesday,0
2025-05-01,20250501,202505,2025-05,2025,5,May,2025,FY2025,11,Q4,Thursday,0
2025-05-02,20250502,202505,2025-05,2025,5,May,2025,FY2025,11,Q4,Friday,1
2025-05-03,20250503,202505,2025-05,2025,5,May,2025,FY2025,11,Q4,Saturday,1
2025-05-04,20250504,202505,2025-05,2025,5,May,2025,FY2025,11,Q4,Sunday,0
2025-05-05,20250505,202505,2025-05,2025,5,May,2025,FY2025,11,Q4,Monday,0
2025-05-06,20250506,202505,2025-05,2025,5,May,2025,FY2025,11,Q4,Tuesday,0
2025-05-07,20250507,202505,2025-05,2025,5,May,2025,FY2025,11,Q4,Wednesday,0
2025-05-08,20250508,202505,2025-05,2025,5,May,2025,FY2025,11,Q4,Thursday,0
2025-05-09,20250509,202505,2025-05,2025,5,May,2025,FY2025,11,Q4,Friday,1
2025-05-10,20250510,202505,2025-05,2025,5,May,2025,FY2025,11,Q4,Saturday,1
2025-05-11,20250511,202505,2025-05,2025,5,May,2025,FY2025,11,Q4,Sunday,0
2025-05-12,20250512,202505,2025-05,2025,5,May,2025,FY2025,11,Q4,Monday,0
2025-05-13,20250513,202505,2025-05,2025,5,May,2025,FY2025,11,Q4,Tuesday,0
2025-05-14,20250514,202505,2025-05,2025,5,May,2025,FY2025,11,Q4,Wednesday,0
2025-05-15,20250515,202505,2025-05,2025,5,May,2025,FY2025,11,Q4,Thursday,0
2025-05-16,20250516,202505,2025-05,2025,5,May,2025,FY2025,11,Q4,Friday,1
2025-05-17,20250517,202505,2025-05,2025,5,May,2025,FY2025,11,Q4,Saturday,1
2025-05-18,20250518,202505,2025-05,2025,5,May,2025,FY2025,11,Q4,Sunday,0
2025-05-19,20250519,202505,2025-05,2025,5,May,2025,FY2025,11,Q4,Monday,0
2025-05-20,20250520,202505,2025-05,2025,5,May,2025,FY2025,11,Q4,Tuesday,0
2025-05-21,20250521,202505,2025-05,2025,5,May,2025,FY2025,11,Q4,Wednesday,0
2025-05-22,20250522,202505,2025-05,2025,5,May,2025,FY2025,11,Q4,Thursday,0
2025-05-23,20250523,202505,2025-05,2025,5,May,2025,FY2025,11,Q4,Friday,1
2025-05-24,20250524,202505,2025-05,2025,5,May,2025,FY2025,11,Q4,Saturday,1
2025-05-25,20250525,202505,2025-05,2025,5,May,2025,FY2025,11,Q4,Sunday,0
2025-05-26,20250526,202505,2025-05,2025,5,May,2025,FY2025,11,Q4,Monday,0
2025-05-27,20250527,202505,2025-05,2025,5,May,2025,FY2025,11,Q4,Tuesday,0
2025-05-28,20250528,202505,2025-05,2025,5,May,2025,FY2025,11,Q4,Wednesday,0
2025-05-29,20250529,202505,2025-05,2025,5,May,2025,FY2025,11,Q4,Thursday,0
2025-05-30,20250530,202505,2025-05,2025,5,May,2025,FY2025,11,Q4,Friday,1
2025-05-31,20250531,202505,2025-05,2025,5,May,2025,FY2025,11,Q4,Saturday,1
2025-06-01,20250601,202506,2025-06,2025,6,Jun,2025,FY2025,12,Q4,Sunday,0
2025-06-02,20250602,202506,2025-06,2025,6,Jun,2025,FY2025,12,Q4,Monday,0
2025-06-03,20250603,202506,2025-06,2025,6,Jun,2025,FY2025,12,Q4,Tuesday,0
2025-06-04,20250604,202506,2025-06,2025,6,Jun,2025,FY2025,12,Q4,Wednesday,0
2025-06-05,20250605,202506,2025-06,2025,6,Jun,2025,FY2025,12,Q4,Thursday,0
2025-06-06,20250606,202506,2025-06,2025,6,Jun,2025,FY2025,12,Q4,Friday,1
2025-06-07,20250607,202506,2025-06,2025,6,Jun,2025,FY2025,12,Q4,Saturday,1
2025-06-08,20250608,202506,2025-06,2025,6,Jun,2025,FY2025,12,Q4,Sunday,0
2025-06-09,20250609,202506,2025-06,2025,6,Jun,2025,FY2025,12,Q4,Monday,0
2025-06-10,20250610,202506,2025-06,2025,6,Jun,2025,FY2025,12,Q4,Tuesday,0
2025-06-11,20250611,202506,2025-06,2025,6,Jun,2025,FY2025,12,Q4,Wednesday,0
2025-06-12,20250612,202506,2025-06,2025,6,Jun,2025,FY2025,12,Q4,Thursday,0
2025-06-13,20250613,202506,2025-06,2025,6,Jun,2025,FY2025,12,Q4,Friday,1
2025-06-14,20250614,202506,2025-06,2025,6,Jun,2025,FY2025,12,Q4,Saturday,1
2025-06-15,20250615,202506,2025-06,2025,6,Jun,2025,FY2025,12,Q4,Sunday,0
2025-06-16,20250616,202506,2025-06,2025,6,Jun,2025,FY2025,12,Q4,Monday,0
2025-06-17,20250617,202506,2025-06,2025,6,Jun,2025,FY2025,12,Q4,Tuesday,0
2025-06-18,20250618,202506,2025-06,2025,6,Jun,2025,FY2025,12,Q4,Wednesday,0
2025-06-19,20250619,202506,2025-06,2025,6,Jun,2025,FY2025,12,Q4,Thursday,0
2025-06-20,20250620,202506,2025-06,2025,6,Jun,2025,FY2025,12,Q4,Friday,1
2025-06-21,20250621,202506,2025-06,2025,6,Jun,2025,FY2025,12,Q4,Saturday,1
2025-06-22,20250622,202506,2025-06,2025,6,Jun,2025,FY2025,12,Q4,Sunday,0
2025-06-23,20250623,202506,2025-06,2025,6,Jun,2025,FY2025,12,Q4,Monday,0
2025-06-24,20250624,202506,2025-06,2025,6,Jun,2025,FY2025,12,Q4,Tuesday,0
2025-06-25,20250625,202506,2025-06,2025,6,Jun,2025,FY2025,12,Q4,Wednesday,0
2025-06-26,20250626,202506,2025-06,2025,6,Jun,2025,FY2025,12,Q4,Thursday,0
2025-06-27,20250627,202506,2025-06,2025,6,Jun,2025,FY2025,12,Q4,Friday,1
2025-06-28,20250628,202506,2025-06,2025,6,Jun,2025,FY2025,12,Q4,Saturday,1
2025-06-29,20250629,202506,2025-06,2025,6,Jun,2025,FY2025,12,Q4,Sunday,0
2025-06-30,20250630,202506,2025-06,2025,6,Jun,2025,FY2025,12,Q4,Monday,0
2025-07-01,20250701,202507,2025-07,2025,7,Jul,2026,FY2026,1,Q1,Tuesday,0
2025-07-02,20250702,202507,2025-07,2025,7,Jul,2026,FY2026,1,Q1,Wednesday,0
2025-07-03,20250703,202507,2025-07,2025,7,Jul,2026,FY2026,1,Q1,Thursday,0
2025-07-04,20250704,202507,2025-07,2025,7,Jul,2026,FY2026,1,Q1,Friday,1
2025-07-05,20250705,202507,2025-07,2025,7,Jul,2026,FY2026,1,Q1,Saturday,1
2025-07-06,20250706,202507,2025-07,2025,7,Jul,2026,FY2026,1,Q1,Sunday,0
2025-07-07,20250707,202507,2025-07,2025,7,Jul,2026,FY2026,1,Q1,Monday,0
2025-07-08,20250708,202507,2025-07,2025,7,Jul,2026,FY2026,1,Q1,Tuesday,0
2025-07-09,20250709,202507,2025-07,2025,7,Jul,2026,FY2026,1,Q1,Wednesday,0
2025-07-10,20250710,202507,2025-07,2025,7,Jul,2026,FY2026,1,Q1,Thursday,0
2025-07-11,20250711,202507,2025-07,2025,7,Jul,2026,FY2026,1,Q1,Friday,1
2025-07-12,20250712,202507,2025-07,2025,7,Jul,2026,FY2026,1,Q1,Saturday,1
2025-07-13,20250713,202507,2025-07,2025,7,Jul,2026,FY2026,1,Q1,Sunday,0
2025-07-14,20250714,202507,2025-07,2025,7,Jul,2026,FY2026,1,Q1,Monday,0
2025-07-15,20250715,202507,2025-07,2025,7,Jul,2026,FY2026,1,Q1,Tuesday,0
2025-07-16,20250716,202507,2025-07,2025,7,Jul,2026,FY2026,1,Q1,Wednesday,0
2025-07-17,20250717,202507,2025-07,2025,7,Jul,2026,FY2026,1,Q1,Thursday,0
2025-07-18,20250718,202507,2025-07,2025,7,Jul,2026,FY2026,1,Q1,Friday,1
2025-07-19,20250719,202507,2025-07,2025,7,Jul,2026,FY2026,1,Q1,Saturday,1
2025-07-20,20250720,202507,2025-07,2025,7,Jul,2026,FY2026,1,Q1,Sunday,0
2025-07-21,20250721,202507,2025-07,2025,7,Jul,2026,FY2026,1,Q1,Monday,0
2025-07-22,20250722,202507,2025-07,2025,7,Jul,2026,FY2026,1,Q1,Tuesday,0
2025-07-23,20250723,202507,2025-07,2025,7,Jul,2026,FY2026,1,Q1,Wednesday,0
2025-07-24,20250724,202507,2025-07,2025,7,Jul,2026,FY2026,1,Q1,Thursday,0
2025-07-25,20250725,202507,2025-07,2025,7,Jul,2026,FY2026,1,Q1,Friday,1
2025-07-26,20250726,202507,2025-07,2025,7,Jul,2026,FY2026,1,Q1,Saturday,1
2025-07-27,20250727,202507,2025-07,2025,7,Jul,2026,FY2026,1,Q1,Sunday,0
2025-07-28,20250728,202507,2025-07,2025,7,Jul,2026,FY2026,1,Q1,Monday,0
2025-07-29,20250729,202507,2025-07,2025,7,Jul,2026,FY2026,1,Q1,Tuesday,0
2025-07-30,20250730,202507,2025-07,2025,7,Jul,2026,FY2026,1,Q1,Wednesday,0
2025-07-31,20250731,202507,2025-07,2025,7,Jul,2026,FY2026,1,Q1,Thursday,0
2025-08-01,20250801,202508,2025-08,2025,8,Aug,2026,FY2026,2,Q1,Friday,1
2025-08-02,20250802,202508,2025-08,2025,8,Aug,2026,FY2026,2,Q1,Saturday,1
2025-08-03,20250803,202508,2025-08,2025,8,Aug,2026,FY2026,2,Q1,Sunday,0
2025-08-04,20250804,202508,2025-08,2025,8,Aug,2026,FY2026,2,Q1,Monday,0
2025-08-05,20250805,202508,2025-08,2025,8,Aug,2026,FY2026,2,Q1,Tuesday,0
2025-08-06,20250806,202508,2025-08,2025,8,Aug,2026,FY2026,2,Q1,Wednesday,0
2025-08-07,20250807,202508,2025-08,2025,8,Aug,2026,FY2026,2,Q1,Thursday,0
2025-08-08,20250808,202508,2025-08,2025,8,Aug,2026,FY2026,2,Q1,Friday,1
2025-08-09,20250809,202508,2025-08,2025,8,Aug,2026,FY2026,2,Q1,Saturday,1
2025-08-10,20250810,202508,2025-08,2025,8,Aug,2026,FY2026,2,Q1,Sunday,0
2025-08-11,20250811,202508,2025-08,2025,8,Aug,2026,FY2026,2,Q1,Monday,0
2025-08-12,20250812,202508,2025-08,2025,8,Aug,2026,FY2026,2,Q1,Tuesday,0
2025-08-13,20250813,202508,2025-08,2025,8,Aug,2026,FY2026,2,Q1,Wednesday,0
2025-08-14,20250814,202508,2025-08,2025,8,Aug,2026,FY2026,2,Q1,Thursday,0
2025-08-15,20250815,202508,2025-08,2025,8,Aug,2026,FY2026,2,Q1,Friday,1
2025-08-16,20250816,202508,2025-08,2025,8,Aug,2026,FY2026,2,Q1,Saturday,1
2025-08-17,20250817,202508,2025-08,2025,8,Aug,2026,FY2026,2,Q1,Sunday,0
2025-08-18,20250818,202508,2025-08,2025,8,Aug,2026,FY2026,2,Q1,Monday,0
2025-08-19,20250819,202508,2025-08,2025,8,Aug,2026,FY2026,2,Q1,Tuesday,0
2025-08-20,20250820,202508,2025-08,2025,8,Aug,2026,FY2026,2,Q1,Wednesday,0
2025-08-21,20250821,202508,2025-08,2025,8,Aug,2026,FY2026,2,Q1,Thursday,0
2025-08-22,20250822,202508,2025-08,2025,8,Aug,2026,FY2026,2,Q1,Friday,1
2025-08-23,20250823,202508,2025-08,2025,8,Aug,2026,FY2026,2,Q1,Saturday,1
2025-08-24,20250824,202508,2025-08,2025,8,Aug,2026,FY2026,2,Q1,Sunday,0
2025-08-25,20250825,202508,2025-08,2025,8,Aug,2026,FY2026,2,Q1,Monday,0
2025-08-26,20250826,202508,2025-08,2025,8,Aug,2026,FY2026,2,Q1,Tuesday,0
2025-08-27,20250827,202508,2025-08,2025,8,Aug,2026,FY2026,2,Q1,Wednesday,0
2025-08-28,20250828,202508,2025-08,2025,8,Aug,2026,FY2026,2,Q1,Thursday,0
2025-08-29,20250829,202508,2025-08,2025,8,Aug,2026,FY2026,2,Q1,Friday,1
2025-08-30,20250830,202508,2025-08,2025,8,Aug,2026,FY2026,2,Q1,Saturday,1
2025-08-31,20250831,202508,2025-08,2025,8,Aug,2026,FY2026,2,Q1,Sunday,0
2025-09-01,20250901,202509,2025-09,2025,9,Sep,2026,FY2026,3,Q1,Monday,0
2025-09-02,20250902,202509,2025-09,2025,9,Sep,2026,FY2026,3,Q1,Tuesday,0
2025-09-03,20250903,202509,2025-09,2025,9,Sep,2026,FY2026,3,Q1,Wednesday,0
2025-09-04,20250904,202509,2025-09,2025,9,Sep,2026,FY2026,3,Q1,Thursday,0
2025-09-05,20250905,202509,2025-09,2025,9,Sep,2026,FY2026,3,Q1,Friday,1
2025-09-06,20250906,202509,2025-09,2025,9,Sep,2026,FY2026,3,Q1,Saturday,1
2025-09-07,20250907,202509,2025-09,2025,9,Sep,2026,FY2026,3,Q1,Sunday,0
2025-09-08,20250908,202509,2025-09,2025,9,Sep,2026,FY2026,3,Q1,Monday,0
2025-09-09,20250909,202509,2025-09,2025,9,Sep,2026,FY2026,3,Q1,Tuesday,0
2025-09-10,20250910,202509,2025-09,2025,9,Sep,2026,FY2026,3,Q1,Wednesday,0
2025-09-11,20250911,202509,2025-09,2025,9,Sep,2026,FY2026,3,Q1,Thursday,0
2025-09-12,20250912,202509,2025-09,2025,9,Sep,2026,FY2026,3,Q1,Friday,1
2025-09-13,20250913,202509,2025-09,2025,9,Sep,2026,FY2026,3,Q1,Saturday,1
2025-09-14,20250914,202509,2025-09,2025,9,Sep,2026,FY2026,3,Q1,Sunday,0
2025-09-15,20250915,202509,2025-09,2025,9,Sep,2026,FY2026,3,Q1,Monday,0
2025-09-16,20250916,202509,2025-09,2025,9,Sep,2026,FY2026,3,Q1,Tuesday,0
2025-09-17,20250917,202509,2025-09,2025,9,Sep,2026,FY2026,3,Q1,Wednesday,0
2025-09-18,20250918,202509,2025-09,2025,9,Sep,2026,FY2026,3,Q1,Thursday,0
2025-09-19,20250919,202509,2025-09,2025,9,Sep,2026,FY2026,3,Q1,Friday,1
2025-09-20,20250920,202509,2025-09,2025,9,Sep,2026,FY2026,3,Q1,Saturday,1
2025-09-21,20250921,202509,2025-09,2025,9,Sep,2026,FY2026,3,Q1,Sunday,0
2025-09-22,20250922,202509,2025-09,2025,9,Sep,2026,FY2026,3,Q1,Monday,0
2025-09-23,20250923,202509,2025-09,2025,9,Sep,2026,FY2026,3,Q1,Tuesday,0
2025-09-24,20250924,202509,2025-09,2025,9,Sep,2026,FY2026,3,Q1,Wednesday,0
2025-09-25,20250925,202509,2025-09,2025,9,Sep,2026,FY2026,3,Q1,Thursday,0
2025-09-26,20250926,202509,2025-09,2025,9,Sep,2026,FY2026,3,Q1,Friday,1
2025-09-27,20250927,202509,2025-09,2025,9,Sep,2026,FY2026,3,Q1,Saturday,1
2025-09-28,20250928,202509,2025-09,2025,9,Sep,2026,FY2026,3,Q1,Sunday,0
2025-09-29,20250929,202509,2025-09,2025,9,Sep,2026,FY2026,3,Q1,Monday,0
2025-09-30,20250930,202509,2025-09,2025,9,Sep,2026,FY2026,3,Q1,Tuesday,0
2025-10-01,20251001,202510,2025-10,2025,10,Oct,2026,FY2026,4,Q2,Wednesday,0
2025-10-02,20251002,202510,2025-10,2025,10,Oct,2026,FY2026,4,Q2,Thursday,0
2025-10-03,20251003,202510,2025-10,2025,10,Oct,2026,FY2026,4,Q2,Friday,1
2025-10-04,20251004,202510,2025-10,2025,10,Oct,2026,FY2026,4,Q2,Saturday,1
2025-10-05,20251005,202510,2025-10,2025,10,Oct,2026,FY2026,4,Q2,Sunday,0
2025-10-06,20251006,202510,2025-10,2025,10,Oct,2026,FY2026,4,Q2,Monday,0
2025-10-07,20251007,202510,2025-10,2025,10,Oct,2026,FY2026,4,Q2,Tuesday,0
2025-10-08,20251008,202510,2025-10,2025,10,Oct,2026,FY2026,4,Q2,Wednesday,0
2025-10-09,20251009,202510,2025-10,2025,10,Oct,2026,FY2026,4,Q2,Thursday,0
2025-10-10,20251010,202510,2025-10,2025,10,Oct,2026,FY2026,4,Q2,Friday,1
2025-10-11,20251011,202510,2025-10,2025,10,Oct,2026,FY2026,4,Q2,Saturday,1
2025-10-12,20251012,202510,2025-10,2025,10,Oct,2026,FY2026,4,Q2,Sunday,0
2025-10-13,20251013,202510,2025-10,2025,10,Oct,2026,FY2026,4,Q2,Monday,0
2025-10-14,20251014,202510,2025-10,2025,10,Oct,2026,FY2026,4,Q2,Tuesday,0
2025-10-15,20251015,202510,2025-10,2025,10,Oct,2026,FY2026,4,Q2,Wednesday,0
2025-10-16,20251016,202510,2025-10,2025,10,Oct,2026,FY2026,4,Q2,Thursday,0
2025-10-17,20251017,202510,2025-10,2025,10,Oct,2026,FY2026,4,Q2,Friday,1
2025-10-18,20251018,202510,2025-10,2025,10,Oct,2026,FY2026,4,Q2,Saturday,1
2025-10-19,20251019,202510,2025-10,2025,10,Oct,2026,FY2026,4,Q2,Sunday,0
2025-10-20,20251020,202510,2025-10,2025,10,Oct,2026,FY2026,4,Q2,Monday,0
2025-10-21,20251021,202510,2025-10,2025,10,Oct,2026,FY2026,4,Q2,Tuesday,0
2025-10-22,20251022,202510,2025-10,2025,10,Oct,2026,FY2026,4,Q2,Wednesday,0
2025-10-23,20251023,202510,2025-10,2025,10,Oct,2026,FY2026,4,Q2,Thursday,0
2025-10-24,20251024,202510,2025-10,2025,10,Oct,2026,FY2026,4,Q2,Friday,1
2025-10-25,20251025,202510,2025-10,2025,10,Oct,2026,FY2026,4,Q2,Saturday,1
2025-10-26,20251026,202510,2025-10,2025,10,Oct,2026,FY2026,4,Q2,Sunday,0
2025-10-27,20251027,202510,2025-10,2025,10,Oct,2026,FY2026,4,Q2,Monday,0
2025-10-28,20251028,202510,2025-10,2025,10,Oct,2026,FY2026,4,Q2,Tuesday,0
2025-10-29,20251029,202510,2025-10,2025,10,Oct,2026,FY2026,4,Q2,Wednesday,0
2025-10-30,20251030,202510,2025-10,2025,10,Oct,2026,FY2026,4,Q2,Thursday,0
2025-10-31,20251031,202510,2025-10,2025,10,Oct,2026,FY2026,4,Q2,Friday,1
2025-11-01,20251101,202511,2025-11,2025,11,Nov,2026,FY2026,5,Q2,Saturday,1
2025-11-02,20251102,202511,2025-11,2025,11,Nov,2026,FY2026,5,Q2,Sunday,0
2025-11-03,20251103,202511,2025-11,2025,11,Nov,2026,FY2026,5,Q2,Monday,0
2025-11-04,20251104,202511,2025-11,2025,11,Nov,2026,FY2026,5,Q2,Tuesday,0
2025-11-05,20251105,202511,2025-11,2025,11,Nov,2026,FY2026,5,Q2,Wednesday,0
2025-11-06,20251106,202511,2025-11,2025,11,Nov,2026,FY2026,5,Q2,Thursday,0
2025-11-07,20251107,202511,2025-11,2025,11,Nov,2026,FY2026,5,Q2,Friday,1
2025-11-08,20251108,202511,2025-11,2025,11,Nov,2026,FY2026,5,Q2,Saturday,1
2025-11-09,20251109,202511,2025-11,2025,11,Nov,2026,FY2026,5,Q2,Sunday,0
2025-11-10,20251110,202511,2025-11,2025,11,Nov,2026,FY2026,5,Q2,Monday,0
2025-11-11,20251111,202511,2025-11,2025,11,Nov,2026,FY2026,5,Q2,Tuesday,0
2025-11-12,20251112,202511,2025-11,2025,11,Nov,2026,FY2026,5,Q2,Wednesday,0
2025-11-13,20251113,202511,2025-11,2025,11,Nov,2026,FY2026,5,Q2,Thursday,0
2025-11-14,20251114,202511,2025-11,2025,11,Nov,2026,FY2026,5,Q2,Friday,1
2025-11-15,20251115,202511,2025-11,2025,11,Nov,2026,FY2026,5,Q2,Saturday,1
2025-11-16,20251116,202511,2025-11,2025,11,Nov,2026,FY2026,5,Q2,Sunday,0
2025-11-17,20251117,202511,2025-11,2025,11,Nov,2026,FY2026,5,Q2,Monday,0
2025-11-18,20251118,202511,2025-11,2025,11,Nov,2026,FY2026,5,Q2,Tuesday,0
2025-11-19,20251119,202511,2025-11,2025,11,Nov,2026,FY2026,5,Q2,Wednesday,0
2025-11-20,20251120,202511,2025-11,2025,11,Nov,2026,FY2026,5,Q2,Thursday,0
2025-11-21,20251121,202511,2025-11,2025,11,Nov,2026,FY2026,5,Q2,Friday,1
2025-11-22,20251122,202511,2025-11,2025,11,Nov,2026,FY2026,5,Q2,Saturday,1
2025-11-23,20251123,202511,2025-11,2025,11,Nov,2026,FY2026,5,Q2,Sunday,0
2025-11-24,20251124,202511,2025-11,2025,11,Nov,2026,FY2026,5,Q2,Monday,0
2025-11-25,20251125,202511,2025-11,2025,11,Nov,2026,FY2026,5,Q2,Tuesday,0
2025-11-26,20251126,202511,2025-11,2025,11,Nov,2026,FY2026,5,Q2,Wednesday,0
2025-11-27,20251127,202511,2025-11,2025,11,Nov,2026,FY2026,5,Q2,Thursday,0
2025-11-28,20251128,202511,2025-11,2025,11,Nov,2026,FY2026,5,Q2,Friday,1
2025-11-29,20251129,202511,2025-11,2025,11,Nov,2026,FY2026,5,Q2,Saturday,1
2025-11-30,20251130,202511,2025-11,2025,11,Nov,2026,FY2026,5,Q2,Sunday,0
2025-12-01,20251201,202512,2025-12,2025,12,Dec,2026,FY2026,6,Q2,Monday,0
2025-12-02,20251202,202512,2025-12,2025,12,Dec,2026,FY2026,6,Q2,Tuesday,0
2025-12-03,20251203,202512,2025-12,2025,12,Dec,2026,FY2026,6,Q2,Wednesday,0
2025-12-04,20251204,202512,2025-12,2025,12,Dec,2026,FY2026,6,Q2,Thursday,0
2025-12-05,20251205,202512,2025-12,2025,12,Dec,2026,FY2026,6,Q2,Friday,1
2025-12-06,20251206,202512,2025-12,2025,12,Dec,2026,FY2026,6,Q2,Saturday,1
2025-12-07,20251207,202512,2025-12,2025,12,Dec,2026,FY2026,6,Q2,Sunday,0
2025-12-08,20251208,202512,2025-12,2025,12,Dec,2026,FY2026,6,Q2,Monday,0
2025-12-09,20251209,202512,2025-12,2025,12,Dec,2026,FY2026,6,Q2,Tuesday,0
2025-12-10,20251210,202512,2025-12,2025,12,Dec,2026,FY2026,6,Q2,Wednesday,0
2025-12-11,20251211,202512,2025-12,2025,12,Dec,2026,FY2026,6,Q2,Thursday,0
2025-12-12,20251212,202512,2025-12,2025,12,Dec,2026,FY2026,6,Q2,Friday,1
2025-12-13,20251213,202512,2025-12,2025,12,Dec,2026,FY2026,6,Q2,Saturday,1
2025-12-14,20251214,202512,2025-12,2025,12,Dec,2026,FY2026,6,Q2,Sunday,0
2025-12-15,20251215,202512,2025-12,2025,12,Dec,2026,FY2026,6,Q2,Monday,0
2025-12-16,20251216,202512,2025-12,2025,12,Dec,2026,FY2026,6,Q2,Tuesday,0
2025-12-17,20251217,202512,2025-12,2025,12,Dec,2026,FY2026,6,Q2,Wednesday,0
2025-12-18,20251218,202512,2025-12,2025,12,Dec,2026,FY2026,6,Q2,Thursday,0
2025-12-19,20251219,202512,2025-12,2025,12,Dec,2026,FY2026,6,Q2,Friday,1
2025-12-20,20251220,202512,2025-12,2025,12,Dec,2026,FY2026,6,Q2,Saturday,1
2025-12-21,20251221,202512,2025-12,2025,12,Dec,2026,FY2026,6,Q2,Sunday,0
2025-12-22,20251222,202512,2025-12,2025,12,Dec,2026,FY2026,6,Q2,Monday,0
2025-12-23,20251223,202512,2025-12,2025,12,Dec,2026,FY2026,6,Q2,Tuesday,0
2025-12-24,20251224,202512,2025-12,2025,12,Dec,2026,FY2026,6,Q2,Wednesday,0
2025-12-25,20251225,202512,2025-12,2025,12,Dec,2026,FY2026,6,Q2,Thursday,0
2025-12-26,20251226,202512,2025-12,2025,12,Dec,2026,FY2026,6,Q2,Friday,1
2025-12-27,20251227,202512,2025-12,2025,12,Dec,2026,FY2026,6,Q2,Saturday,1
2025-12-28,20251228,202512,2025-12,2025,12,Dec,2026,FY2026,6,Q2,Sunday,0
2025-12-29,20251229,202512,2025-12,2025,12,Dec,2026,FY2026,6,Q2,Monday,0
2025-12-30,20251230,202512,2025-12,2025,12,Dec,2026,FY2026,6,Q2,Tuesday,0
2025-12-31,20251231,202512,2025-12,2025,12,Dec,2026,FY2026,6,Q2,Wednesday,0
2026-01-01,20260101,202601,2026-01,2026,1,Jan,2026,FY2026,7,Q3,Thursday,0
2026-01-02,20260102,202601,2026-01,2026,1,Jan,2026,FY2026,7,Q3,Friday,1
2026-01-03,20260103,202601,2026-01,2026,1,Jan,2026,FY2026,7,Q3,Saturday,1
2026-01-04,20260104,202601,2026-01,2026,1,Jan,2026,FY2026,7,Q3,Sunday,0
2026-01-05,20260105,202601,2026-01,2026,1,Jan,2026,FY2026,7,Q3,Monday,0
2026-01-06,20260106,202601,2026-01,2026,1,Jan,2026,FY2026,7,Q3,Tuesday,0
2026-01-07,20260107,202601,2026-01,2026,1,Jan,2026,FY2026,7,Q3,Wednesday,0
2026-01-08,20260108,202601,2026-01,2026,1,Jan,2026,FY2026,7,Q3,Thursday,0
2026-01-09,20260109,202601,2026-01,2026,1,Jan,2026,FY2026,7,Q3,Friday,1
2026-01-10,20260110,202601,2026-01,2026,1,Jan,2026,FY2026,7,Q3,Saturday,1
2026-01-11,20260111,202601,2026-01,2026,1,Jan,2026,FY2026,7,Q3,Sunday,0
2026-01-12,20260112,202601,2026-01,2026,1,Jan,2026,FY2026,7,Q3,Monday,0
2026-01-13,20260113,202601,2026-01,2026,1,Jan,2026,FY2026,7,Q3,Tuesday,0
2026-01-14,20260114,202601,2026-01,2026,1,Jan,2026,FY2026,7,Q3,Wednesday,0
2026-01-15,20260115,202601,2026-01,2026,1,Jan,2026,FY2026,7,Q3,Thursday,0
2026-01-16,20260116,202601,2026-01,2026,1,Jan,2026,FY2026,7,Q3,Friday,1
2026-01-17,20260117,202601,2026-01,2026,1,Jan,2026,FY2026,7,Q3,Saturday,1
2026-01-18,20260118,202601,2026-01,2026,1,Jan,2026,FY2026,7,Q3,Sunday,0
2026-01-19,20260119,202601,2026-01,2026,1,Jan,2026,FY2026,7,Q3,Monday,0
2026-01-20,20260120,202601,2026-01,2026,1,Jan,2026,FY2026,7,Q3,Tuesday,0
2026-01-21,20260121,202601,2026-01,2026,1,Jan,2026,FY2026,7,Q3,Wednesday,0
2026-01-22,20260122,202601,2026-01,2026,1,Jan,2026,FY2026,7,Q3,Thursday,0
2026-01-23,20260123,202601,2026-01,2026,1,Jan,2026,FY2026,7,Q3,Friday,1
2026-01-24,20260124,202601,2026-01,2026,1,Jan,2026,FY2026,7,Q3,Saturday,1
2026-01-25,20260125,202601,2026-01,2026,1,Jan,2026,FY2026,7,Q3,Sunday,0
2026-01-26,20260126,202601,2026-01,2026,1,Jan,2026,FY2026,7,Q3,Monday,0
2026-01-27,20260127,202601,2026-01,2026,1,Jan,2026,FY2026,7,Q3,Tuesday,0
2026-01-28,20260128,202601,2026-01,2026,1,Jan,2026,FY2026,7,Q3,Wednesday,0
2026-01-29,20260129,202601,2026-01,2026,1,Jan,2026,FY2026,7,Q3,Thursday,0
2026-01-30,20260130,202601,2026-01,2026,1,Jan,2026,FY2026,7,Q3,Friday,1
2026-01-31,20260131,202601,2026-01,2026,1,Jan,2026,FY2026,7,Q3,Saturday,1
2026-02-01,20260201,202602,2026-02,2026,2,Feb,2026,FY2026,8,Q3,Sunday,0
2026-02-02,20260202,202602,2026-02,2026,2,Feb,2026,FY2026,8,Q3,Monday,0
2026-02-03,20260203,202602,2026-02,2026,2,Feb,2026,FY2026,8,Q3,Tuesday,0
2026-02-04,20260204,202602,2026-02,2026,2,Feb,2026,FY2026,8,Q3,Wednesday,0
2026-02-05,20260205,202602,2026-02,2026,2,Feb,2026,FY2026,8,Q3,Thursday,0
2026-02-06,20260206,202602,2026-02,2026,2,Feb,2026,FY2026,8,Q3,Friday,1
2026-02-07,20260207,202602,2026-02,2026,2,Feb,2026,FY2026,8,Q3,Saturday,1
2026-02-08,20260208,202602,2026-02,2026,2,Feb,2026,FY2026,8,Q3,Sunday,0
2026-02-09,20260209,202602,2026-02,2026,2,Feb,2026,FY2026,8,Q3,Monday,0
2026-02-10,20260210,202602,2026-02,2026,2,Feb,2026,FY2026,8,Q3,Tuesday,0
2026-02-11,20260211,202602,2026-02,2026,2,Feb,2026,FY2026,8,Q3,Wednesday,0
2026-02-12,20260212,202602,2026-02,2026,2,Feb,2026,FY2026,8,Q3,Thursday,0
2026-02-13,20260213,202602,2026-02,2026,2,Feb,2026,FY2026,8,Q3,Friday,1
2026-02-14,20260214,202602,2026-02,2026,2,Feb,2026,FY2026,8,Q3,Saturday,1
2026-02-15,20260215,202602,2026-02,2026,2,Feb,2026,FY2026,8,Q3,Sunday,0
2026-02-16,20260216,202602,2026-02,2026,2,Feb,2026,FY2026,8,Q3,Monday,0
2026-02-17,20260217,202602,2026-02,2026,2,Feb,2026,FY2026,8,Q3,Tuesday,0
2026-02-18,20260218,202602,2026-02,2026,2,Feb,2026,FY2026,8,Q3,Wednesday,0
2026-02-19,20260219,202602,2026-02,2026,2,Feb,2026,FY2026,8,Q3,Thursday,0
2026-02-20,20260220,202602,2026-02,2026,2,Feb,2026,FY2026,8,Q3,Friday,1
2026-02-21,20260221,202602,2026-02,2026,2,Feb,2026,FY2026,8,Q3,Saturday,1
2026-02-22,20260222,202602,2026-02,2026,2,Feb,2026,FY2026,8,Q3,Sunday,0
2026-02-23,20260223,202602,2026-02,2026,2,Feb,2026,FY2026,8,Q3,Monday,0
2026-02-24,20260224,202602,2026-02,2026,2,Feb,2026,FY2026,8,Q3,Tuesday,0
2026-02-25,20260225,202602,2026-02,2026,2,Feb,2026,FY2026,8,Q3,Wednesday,0
2026-02-26,20260226,202602,2026-02,2026,2,Feb,2026,FY2026,8,Q3,Thursday,0
2026-02-27,20260227,202602,2026-02,2026,2,Feb,2026,FY2026,8,Q3,Friday,1
2026-02-28,20260228,202602,2026-02,2026,2,Feb,2026,FY2026,8,Q3,Saturday,1
2026-03-01,20260301,202603,2026-03,2026,3,Mar,2026,FY2026,9,Q3,Sunday,0
2026-03-02,20260302,202603,2026-03,2026,3,Mar,2026,FY2026,9,Q3,Monday,0
2026-03-03,20260303,202603,2026-03,2026,3,Mar,2026,FY2026,9,Q3,Tuesday,0
2026-03-04,20260304,202603,2026-03,2026,3,Mar,2026,FY2026,9,Q3,Wednesday,0
2026-03-05,20260305,202603,2026-03,2026,3,Mar,2026,FY2026,9,Q3,Thursday,0
2026-03-06,20260306,202603,2026-03,2026,3,Mar,2026,FY2026,9,Q3,Friday,1
2026-03-07,20260307,202603,2026-03,2026,3,Mar,2026,FY2026,9,Q3,Saturday,1
2026-03-08,20260308,202603,2026-03,2026,3,Mar,2026,FY2026,9,Q3,Sunday,0
2026-03-09,20260309,202603,2026-03,2026,3,Mar,2026,FY2026,9,Q3,Monday,0
2026-03-10,20260310,202603,2026-03,2026,3,Mar,2026,FY2026,9,Q3,Tuesday,0
2026-03-11,20260311,202603,2026-03,2026,3,Mar,2026,FY2026,9,Q3,Wednesday,0
2026-03-12,20260312,202603,2026-03,2026,3,Mar,2026,FY2026,9,Q3,Thursday,0
2026-03-13,20260313,202603,2026-03,2026,3,Mar,2026,FY2026,9,Q3,Friday,1
2026-03-14,20260314,202603,2026-03,2026,3,Mar,2026,FY2026,9,Q3,Saturday,1
2026-03-15,20260315,202603,2026-03,2026,3,Mar,2026,FY2026,9,Q3,Sunday,0
2026-03-16,20260316,202603,2026-03,2026,3,Mar,2026,FY2026,9,Q3,Monday,0
2026-03-17,20260317,202603,2026-03,2026,3,Mar,2026,FY2026,9,Q3,Tuesday,0
2026-03-18,20260318,202603,2026-03,2026,3,Mar,2026,FY2026,9,Q3,Wednesday,0
2026-03-19,20260319,202603,2026-03,2026,3,Mar,2026,FY2026,9,Q3,Thursday,0
2026-03-20,20260320,202603,2026-03,2026,3,Mar,2026,FY2026,9,Q3,Friday,1
2026-03-21,20260321,202603,2026-03,2026,3,Mar,2026,FY2026,9,Q3,Saturday,1
2026-03-22,20260322,202603,2026-03,2026,3,Mar,2026,FY2026,9,Q3,Sunday,0
2026-03-23,20260323,202603,2026-03,2026,3,Mar,2026,FY2026,9,Q3,Monday,0
2026-03-24,20260324,202603,2026-03,2026,3,Mar,2026,FY2026,9,Q3,Tuesday,0
2026-03-25,20260325,202603,2026-03,2026,3,Mar,2026,FY2026,9,Q3,Wednesday,0
2026-03-26,20260326,202603,2026-03,2026,3,Mar,2026,FY2026,9,Q3,Thursday,0
2026-03-27,20260327,202603,2026-03,2026,3,Mar,2026,FY2026,9,Q3,Friday,1
2026-03-28,20260328,202603,2026-03,2026,3,Mar,2026,FY2026,9,Q3,Saturday,1
2026-03-29,20260329,202603,2026-03,2026,3,Mar,2026,FY2026,9,Q3,Sunday,0
2026-03-30,20260330,202603,2026-03,2026,3,Mar,2026,FY2026,9,Q3,Monday,0
2026-03-31,20260331,202603,2026-03,2026,3,Mar,2026,FY2026,9,Q3,Tuesday,0
2026-04-01,20260401,202604,2026-04,2026,4,Apr,2026,FY2026,10,Q4,Wednesday,0
2026-04-02,20260402,202604,2026-04,2026,4,Apr,2026,FY2026,10,Q4,Thursday,0
2026-04-03,20260403,202604,2026-04,2026,4,Apr,2026,FY2026,10,Q4,Friday,1
2026-04-04,20260404,202604,2026-04,2026,4,Apr,2026,FY2026,10,Q4,Saturday,1
2026-04-05,20260405,202604,2026-04,2026,4,Apr,2026,FY2026,10,Q4,Sunday,0
2026-04-06,20260406,202604,2026-04,2026,4,Apr,2026,FY2026,10,Q4,Monday,0
2026-04-07,20260407,202604,2026-04,2026,4,Apr,2026,FY2026,10,Q4,Tuesday,0
2026-04-08,20260408,202604,2026-04,2026,4,Apr,2026,FY2026,10,Q4,Wednesday,0
2026-04-09,20260409,202604,2026-04,2026,4,Apr,2026,FY2026,10,Q4,Thursday,0
2026-04-10,20260410,202604,2026-04,2026,4,Apr,2026,FY2026,10,Q4,Friday,1
2026-04-11,20260411,202604,2026-04,2026,4,Apr,2026,FY2026,10,Q4,Saturday,1
2026-04-12,20260412,202604,2026-04,2026,4,Apr,2026,FY2026,10,Q4,Sunday,0
2026-04-13,20260413,202604,2026-04,2026,4,Apr,2026,FY2026,10,Q4,Monday,0
2026-04-14,20260414,202604,2026-04,2026,4,Apr,2026,FY2026,10,Q4,Tuesday,0
2026-04-15,20260415,202604,2026-04,2026,4,Apr,2026,FY2026,10,Q4,Wednesday,0
2026-04-16,20260416,202604,2026-04,2026,4,Apr,2026,FY2026,10,Q4,Thursday,0
2026-04-17,20260417,202604,2026-04,2026,4,Apr,2026,FY2026,10,Q4,Friday,1
2026-04-18,20260418,202604,2026-04,2026,4,Apr,2026,FY2026,10,Q4,Saturday,1
2026-04-19,20260419,202604,2026-04,2026,4,Apr,2026,FY2026,10,Q4,Sunday,0
2026-04-20,20260420,202604,2026-04,2026,4,Apr,2026,FY2026,10,Q4,Monday,0
2026-04-21,20260421,202604,2026-04,2026,4,Apr,2026,FY2026,10,Q4,Tuesday,0
2026-04-22,20260422,202604,2026-04,2026,4,Apr,2026,FY2026,10,Q4,Wednesday,0
2026-04-23,20260423,202604,2026-04,2026,4,Apr,2026,FY2026,10,Q4,Thursday,0
2026-04-24,20260424,202604,2026-04,2026,4,Apr,2026,FY2026,10,Q4,Friday,1
2026-04-25,20260425,202604,2026-04,2026,4,Apr,2026,FY2026,10,Q4,Saturday,1
2026-04-26,20260426,202604,2026-04,2026,4,Apr,2026,FY2026,10,Q4,Sunday,0
2026-04-27,20260427,202604,2026-04,2026,4,Apr,2026,FY2026,10,Q4,Monday,0
2026-04-28,20260428,202604,2026-04,2026,4,Apr,2026,FY2026,10,Q4,Tuesday,0
2026-04-29,20260429,202604,2026-04,2026,4,Apr,2026,FY2026,10,Q4,Wednesday,0
2026-04-30,20260430,202604,2026-04,2026,4,Apr,2026,FY2026,10,Q4,Thursday,0
2026-05-01,20260501,202605,2026-05,2026,5,May,2026,FY2026,11,Q4,Friday,1
2026-05-02,20260502,202605,2026-05,2026,5,May,2026,FY2026,11,Q4,Saturday,1
2026-05-03,20260503,202605,2026-05,2026,5,May,2026,FY2026,11,Q4,Sunday,0
2026-05-04,20260504,202605,2026-05,2026,5,May,2026,FY2026,11,Q4,Monday,0
2026-05-05,20260505,202605,2026-05,2026,5,May,2026,FY2026,11,Q4,Tuesday,0
2026-05-06,20260506,202605,2026-05,2026,5,May,2026,FY2026,11,Q4,Wednesday,0
2026-05-07,20260507,202605,2026-05,2026,5,May,2026,FY2026,11,Q4,Thursday,0
2026-05-08,20260508,202605,2026-05,2026,5,May,2026,FY2026,11,Q4,Friday,1
2026-05-09,20260509,202605,2026-05,2026,5,May,2026,FY2026,11,Q4,Saturday,1
2026-05-10,20260510,202605,2026-05,2026,5,May,2026,FY2026,11,Q4,Sunday,0
2026-05-11,20260511,202605,2026-05,2026,5,May,2026,FY2026,11,Q4,Monday,0
2026-05-12,20260512,202605,2026-05,2026,5,May,2026,FY2026,11,Q4,Tuesday,0
2026-05-13,20260513,202605,2026-05,2026,5,May,2026,FY2026,11,Q4,Wednesday,0
2026-05-14,20260514,202605,2026-05,2026,5,May,2026,FY2026,11,Q4,Thursday,0
2026-05-15,20260515,202605,2026-05,2026,5,May,2026,FY2026,11,Q4,Friday,1
2026-05-16,20260516,202605,2026-05,2026,5,May,2026,FY2026,11,Q4,Saturday,1
2026-05-17,20260517,202605,2026-05,2026,5,May,2026,FY2026,11,Q4,Sunday,0
2026-05-18,20260518,202605,2026-05,2026,5,May,2026,FY2026,11,Q4,Monday,0
2026-05-19,20260519,202605,2026-05,2026,5,May,2026,FY2026,11,Q4,Tuesday,0
2026-05-20,20260520,202605,2026-05,2026,5,May,2026,FY2026,11,Q4,Wednesday,0
2026-05-21,20260521,202605,2026-05,2026,5,May,2026,FY2026,11,Q4,Thursday,0
2026-05-22,20260522,202605,2026-05,2026,5,May,2026,FY2026,11,Q4,Friday,1
2026-05-23,20260523,202605,2026-05,2026,5,May,2026,FY2026,11,Q4,Saturday,1
2026-05-24,20260524,202605,2026-05,2026,5,May,2026,FY2026,11,Q4,Sunday,0
2026-05-25,20260525,202605,2026-05,2026,5,May,2026,FY2026,11,Q4,Monday,0
2026-05-26,20260526,202605,2026-05,2026,5,May,2026,FY2026,11,Q4,Tuesday,0
2026-05-27,20260527,202605,2026-05,2026,5,May,2026,FY2026,11,Q4,Wednesday,0
2026-05-28,20260528,202605,2026-05,2026,5,May,2026,FY2026,11,Q4,Thursday,0
2026-05-29,20260529,202605,2026-05,2026,5,May,2026,FY2026,11,Q4,Friday,1
2026-05-30,20260530,202605,2026-05,2026,5,May,2026,FY2026,11,Q4,Saturday,1
2026-05-31,20260531,202605,2026-05,2026,5,May,2026,FY2026,11,Q4,Sunday,0
2026-06-01,20260601,202606,2026-06,2026,6,Jun,2026,FY2026,12,Q4,Monday,0
2026-06-02,20260602,202606,2026-06,2026,6,Jun,2026,FY2026,12,Q4,Tuesday,0
2026-06-03,20260603,202606,2026-06,2026,6,Jun,2026,FY2026,12,Q4,Wednesday,0
2026-06-04,20260604,202606,2026-06,2026,6,Jun,2026,FY2026,12,Q4,Thursday,0
2026-06-05,20260605,202606,2026-06,2026,6,Jun,2026,FY2026,12,Q4,Friday,1
2026-06-06,20260606,202606,2026-06,2026,6,Jun,2026,FY2026,12,Q4,Saturday,1
2026-06-07,20260607,202606,2026-06,2026,6,Jun,2026,FY2026,12,Q4,Sunday,0
2026-06-08,20260608,202606,2026-06,2026,6,Jun,2026,FY2026,12,Q4,Monday,0
2026-06-09,20260609,202606,2026-06,2026,6,Jun,2026,FY2026,12,Q4,Tuesday,0
2026-06-10,20260610,202606,2026-06,2026,6,Jun,2026,FY2026,12,Q4,Wednesday,0
2026-06-11,20260611,202606,2026-06,2026,6,Jun,2026,FY2026,12,Q4,Thursday,0
2026-06-12,20260612,202606,2026-06,2026,6,Jun,2026,FY2026,12,Q4,Friday,1
2026-06-13,20260613,202606,2026-06,2026,6,Jun,2026,FY2026,12,Q4,Saturday,1
2026-06-14,20260614,202606,2026-06,2026,6,Jun,2026,FY2026,12,Q4,Sunday,0
2026-06-15,20260615,202606,2026-06,2026,6,Jun,2026,FY2026,12,Q4,Monday,0
2026-06-16,20260616,202606,2026-06,2026,6,Jun,2026,FY2026,12,Q4,Tuesday,0
2026-06-17,20260617,202606,2026-06,2026,6,Jun,2026,FY2026,12,Q4,Wednesday,0
2026-06-18,20260618,202606,2026-06,2026,6,Jun,2026,FY2026,12,Q4,Thursday,0
2026-06-19,20260619,202606,2026-06,2026,6,Jun,2026,FY2026,12,Q4,Friday,1
2026-06-20,20260620,202606,2026-06,2026,6,Jun,2026,FY2026,12,Q4,Saturday,1
2026-06-21,20260621,202606,2026-06,2026,6,Jun,2026,FY2026,12,Q4,Sunday,0
2026-06-22,20260622,202606,2026-06,2026,6,Jun,2026,FY2026,12,Q4,Monday,0
2026-06-23,20260623,202606,2026-06,2026,6,Jun,2026,FY2026,12,Q4,Tuesday,0
2026-06-24,20260624,202606,2026-06,2026,6,Jun,2026,FY2026,12,Q4,Wednesday,0
2026-06-25,20260625,202606,2026-06,2026,6,Jun,2026,FY2026,12,Q4,Thursday,0
2026-06-26,20260626,202606,2026-06,2026,6,Jun,2026,FY2026,12,Q4,Friday,1
2026-06-27,20260627,202606,2026-06,2026,6,Jun,2026,FY2026,12,Q4,Saturday,1
2026-06-28,20260628,202606,2026-06,2026,6,Jun,2026,FY2026,12,Q4,Sunday,0
2026-06-29,20260629,202606,2026-06,2026,6,Jun,2026,FY2026,12,Q4,Monday,0
2026-06-30,20260630,202606,2026-06,2026,6,Jun,2026,FY2026,12,Q4,Tuesday,0
